LitterSize,prob,se
1,0.142857143,0
2,0.285714286,0
3,0.285714286,0
4,0.285714286,0
