LitterSize,prob,se
1,0.106382979,0
2,0.340425532,0
3,0.404255319,0
4,0.14893617,0
