prob,se
0.9123432274,0.010163836
