prob,se
0.912343227,0.010163836
