prob,se
0.027777778,0.010143008
