sex,socialStat,s,se
F,Kitten,0.980662,0.00895
F,SubAdult,0.966833857,0.016
F,Adult,0.990248394,0.00875
M,Kitten,0.980662,0.00895
M,SubAdult,0.934611991,0.012333333
M,Adult,0.983407296,0.009691667
