sex,socialStat,s,se
F,Kitten,0.980662,0.01127775
F,SubAdult,0.966833857,0.024056261
F,Adult,0.990248394,0.009820928
M,Kitten,0.980662,0.01127775
M,SubAdult,0.934611991,0.027777776
M,Adult,0.983407296,0.011844484
