sex,socialStat,s,se
F,Kitten,0.959928802,0.0145
F,SubAdult,0.9668338569,0.016
F,Adult,0.9902483939,0.00875
M,Kitten,1,0
M,SubAdult,0.9346119911,0.0123333333
M,Adult,0.9834072955,0.0096916667
