sex,socialStat,s,se
F,Kitten,0.973459644,0.01356317
F,SubAdult,0.961611,0.022821773
F,Adult,0.991263158,0.008784104
M,Kitten,0.973459644,0.01356317
M,SubAdult,0.934611991,0.027777776
M,Adult,0.984896756,0.010758288
