sex,socialStat,s,se
F,Kitten,0.980662,0.01127775
F,SubAdult,0.970034543,0.021516575
F,Adult,0.990248394,0.011135884
M,Kitten,0.980662,0.01127775
M,SubAdult,0.934611991,0.027777776
M,Adult,0.983407296,0.011391661
