sex,socialStat,s,se
F,Kitten,0.920747917,0.01127775
F,SubAdult,0.965337476,0.024056261
F,Adult,0.983131419,0.009820928
M,Kitten,0.920747917,0.01127775
M,SubAdult,0.922589778,0.027777776
M,Adult,0.976881078,0.011844484
